Domain,Status,Attractiveness,Demand,Length,Sectors,Created,Expires,Registrar
brief.mobi,available,124,19%,5,"Business,Education,General,Law",,,
complete.mobi,available,120,21%,8,"Manufacturing,Retail,Technology",,,
second.mobi,available,120,23%,6,"General,Mathematics",,,
wizard.mobi,available,118,42%,6,"Entertainment,Media,Technology",,,
flat.mobi,available,116,23%,4,"Construction,Real Estate",,,
zero.mobi,available,112,49%,4,Mathematics,,,
acute.mobi,available,112,9%,5,"Mathematics,Medicine,Science",,,
above.mobi,available,112,22%,5,Business,,,
abstract.mobi,available,108,29%,8,"Arts,Humanities,Science",,,
abiding.mobi,available,106,5%,7,"General,Religion",,,
active.mobi,resell,104,27%,6,"Health and Fitness,Sports,Travel",06/04/2020 10:05,06/04/2026 10:05,Porkbun LLC
captive.mobi,resell,102,14%,7,"Entertainment,Hospitality,Technology",11/10/2006 15:31,11/10/2025 15:31,Register SPA
absent.mobi,available,102,8%,6,"Business,Education,Technology",,,
extra.mobi,resell,102,26%,5,"Fashion,Retail,Technology",31/10/2018 10:42,31/10/2025 10:42,Porkbun LLC
eighth.mobi,available,100,6%,6,Mathematics,,,
sixth.mobi,available,100,8%,5,Mathematics,,,
ninth.mobi,available,100,9%,5,Mathematics,,,
third.mobi,available,100,15%,5,Mathematics,,,
abrupt.mobi,available,100,3%,6,"Medicine,Science",,,
crack.mobi,available,100,20%,5,Sports,,,
genius.mobi,resell,98,46%,6,"Arts,Education,Technology",28/05/2025 15:15,28/05/2026 15:15,"Xiamen ChinaSource Internet Service Co., Ltd"
whizz.mobi,available,98,11%,5,"Business,Education,Technology",,,
actual.mobi,resell,96,22%,6,"Real Estate,Retail,Technology",11/10/2006 22:23,11/10/2025 22:23,Register SPA
alamode.mobi,available,96,12%,9,Fashion,,,
forgiving.mobi,available,96,3%,9,"Healthcare,Religion",,,
doable.mobi,available,96,9%,6,"Business,Education,Technology",,,
about.mobi,available,94,28%,5,"Business,General,Media,Technology",,,
virtuoso.mobi,available,94,16%,8,"Arts,Entertainment",,,
adequate.mobi,available,94,9%,8,"Education,Healthcare,Technology",,,
derelict.mobi,available,92,7%,8,"Construction,Real Estate",,,
twentieth.mobi,available,92,3%,9,Mathematics,,,
neutral.mobi,available,92,20%,7,"Business,Media,Politics",,,
exemplary.mobi,available,92,5%,9,"Business,Education,Healthcare",,,
nought.mobi,available,92,4%,6,Mathematics,,,
adjective.mobi,available,92,5%,9,Education,,,
gripping.mobi,available,90,3%,8,"Entertainment,Media,Technology",,,
clear.mobi,available,90,47%,5,"Manufacturing,Retail,Technology",,,
adoring.mobi,available,90,2%,7,"Entertainment,Fashion,Retail",,,
abortive.mobi,available,90,1%,8,"Medicine,Science",,,
endearing.mobi,available,90,1%,9,"Entertainment,Fashion,Retail",,,
addictive.mobi,available,90,9%,9,Healthcare,,,
riveting.mobi,available,90,6%,8,"Entertainment,Media,Technology",,,
additional.mobi,available,90,8%,10,"Fashion,Retail,Technology",,,
ten.mobi,available,88,27%,3,"General,Mathematics",,,
actionable.mobi,available,88,13%,10,"Business,Law",,,
hundred.mobi,available,88,13%,7,Mathematics,,,
wide.mobi,available,88,18%,4,"Business,Media,Technology",,,
twelve.mobi,available,88,18%,6,"General,Mathematics",,,
sixteen.mobi,available,88,10%,7,Mathematics,,,
adlib.mobi,available,88,7%,6,Entertainment,,,
proficient.mobi,available,88,8%,10,"Education,Health and Fitness,Sports",,,
fifteen.mobi,available,88,13%,7,Mathematics,,,
activist.mobi,available,88,12%,8,"Humanities,Politics",,,
star.mobi,resell,86,40%,4,"Entertainment,Media,Sports",02/08/2009 03:25,02/08/2026 03:25,"GoDaddy.com, LLC"
recondite.mobi,available,86,4%,9,"Arts,Humanities,Science",,,
cipher.mobi,available,86,29%,6,Mathematics,,,
adolescent.mobi,available,86,3%,10,"Education,Entertainment,Healthcare",,,
xix.mobi,available,86,10%,3,Mathematics,,,
attendant.mobi,available,86,5%,9,"Healthcare,Hospitality,Transportation",,,
aboriginal.mobi,available,86,10%,10,Humanities,,,
engrossing.mobi,available,86,0%,10,"Entertainment,Media,Technology",,,
extempore.mobi,available,86,3%,9,Entertainment,,,
twentyone.mobi,available,84,13%,10,Mathematics,,,
deviate.mobi,available,84,12%,7,"Medicine,Science",,,
thousand.mobi,available,84,8%,8,Mathematics,,,
nineteen.mobi,available,84,8%,8,Mathematics,,,
sharp.mobi,available,84,34%,5,"Arts,Fashion",,,
accessory.mobi,available,84,8%,9,"Fashion,Retail,Technology",,,
grand.mobi,available,84,25%,5,"Finance,General",,,
fourteen.mobi,available,84,8%,8,Mathematics,,,
thirteen.mobi,available,84,10%,8,Mathematics,,,
acting.mobi,available,84,12%,6,Entertainment,,,
adjustable.mobi,available,84,3%,10,"Manufacturing,Retail,Technology",,,
twentytwo.mobi,available,84,10%,10,Mathematics,,,
abroach.mobi,available,82,1%,7,Food and Beverage,,,
fivesome.mobi,available,82,1%,8,Sports,,,
impromptu.mobi,available,82,16%,9,Entertainment,,,
cleansing.mobi,available,82,3%,9,Health and Fitness,,,
absorbent.mobi,available,82,3%,9,"Healthcare,Manufacturing,Retail",,,
abenaki.mobi,available,82,2%,7,Geography,,,
abdominal.mobi,available,82,1%,9,"Health and Fitness,Medicine",,,
enduring.mobi,available,82,9%,8,"Health and Fitness,Religion",,,
dozen.mobi,available,82,10%,5,Mathematics,,,
abkhaz.mobi,available,82,1%,6,Geography,,,
altered.mobi,available,82,9%,7,"Medicine,Science",,,
decade.mobi,available,82,10%,6,Mathematics,,,
worshipful.mobi,available,80,1%,10,"Education,Healthcare,Religion",,,
absorbable.mobi,available,80,0%,10,"Healthcare,Pharmaceuticals,Science",,,
forty.mobi,available,80,9%,5,Mathematics,,,
some.mobi,available,80,32%,4,"Business,Media,Retail",,,
twenty.mobi,resell,80,12%,6,Mathematics,18/07/2024 17:00,18/07/2026 17:00,"Sav.com, LLC - 47"
absurd.mobi,available,80,16%,6,"Arts,Entertainment,Media",,,
trio.mobi,available,80,21%,4,Entertainment,,,
abundant.mobi,available,80,19%,8,"Agriculture,Manufacturing,Retail",,,
able.mobi,available,80,29%,4,"Business,Education,General,Technology",,,
seventh.mobi,available,80,10%,7,Mathematics,,,
absolute.mobi,available,80,25%,8,"Engineering,Mathematics,Science",,,
capable.mobi,available,80,12%,7,"Business,Education,Technology",,,
first.mobi,available,80,34%,5,"General,Mathematics",,,
sequent.mobi,available,80,7%,7,"Healthcare,Insurance,Transportation",,,
superstar.mobi,available,80,18%,9,Entertainment,,,
adoptable.mobi,available,80,3%,9,"Education,Healthcare",,,
dorsal.mobi,available,80,6%,6,"Medicine,Science",,,
adjacent.mobi,available,78,9%,8,"Construction,Real Estate,Retail",,,
low.mobi,available,78,20%,3,"Business,Finance",,,
abounding.mobi,available,78,2%,9,Agriculture,,,
absorptive.mobi,available,78,1%,10,"Healthcare,Manufacturing,Retail",,,
athletic.mobi,available,78,15%,8,"Health and Fitness,Sports",,,
accepted.mobi,available,78,6%,8,"Business,Education,Technology",,,
adrenal.mobi,available,78,4%,7,"Education,Healthcare,Science",,,
accidental.mobi,available,78,11%,10,"Healthcare,Insurance,Transportation",,,
honestly.mobi,available,78,9%,8,"Business,Law",,,
dormant.mobi,available,78,4%,7,"Medicine,Science",,,
twentysix.mobi,available,78,8%,10,Mathematics,,,
sixtynine.mobi,available,78,8%,10,Mathematics,,,
accurate.mobi,available,78,16%,8,"Engineering,Mathematics,Science",,,
abkhazian.mobi,available,78,1%,9,Geography,,,
recognized.mobi,available,78,3%,10,"Business,Education,Technology",,,
recognised.mobi,available,78,3%,10,"Business,Education,Technology",,,
acceptable.mobi,available,78,5%,10,"Business,Hospitality,Retail",,,
abkhasian.mobi,available,78,1%,9,Geography,,,
acceptant.mobi,available,78,1%,9,"Education,Healthcare",,,
adhesive.mobi,available,76,7%,8,"Construction,Manufacturing,Technology",,,
firstrate.mobi,available,76,6%,10,Business,,,
fifteenth.mobi,available,76,2%,9,Mathematics,,,
acoustic.mobi,available,76,14%,8,Science,,,
adipose.mobi,available,76,2%,7,"Healthcare,Science",,,
energizing.mobi,available,76,3%,10,"Food and Beverage,Health and Fitness,Travel",,,
ventral.mobi,available,76,3%,7,Science,,,
improvise.mobi,available,76,4%,9,Entertainment,,,
eighteen.mobi,available,76,7%,8,Mathematics,,,
hundredth.mobi,available,76,1%,9,Mathematics,,,
obscene.mobi,available,76,5%,7,"Entertainment,Media",,,
addable.mobi,available,76,2%,7,"Engineering,Mathematics,Science",,,
thirteenth.mobi,available,76,3%,10,Mathematics,,,
incidental.mobi,available,76,4%,10,"Healthcare,Insurance,Transportation",,,
ancillary.mobi,available,76,6%,9,"Healthcare,Manufacturing,Technology",,,
ague.mobi,available,76,2%,4,"Geography,Medicine,Science",,,
adaptive.mobi,expiring,76,28%,8,"Business,Education,Technology",05/09/2024 18:02,05/09/2025 18:02,"NameCheap, Inc."
adaptable.mobi,available,76,9%,9,"Business,Education,Technology",,,
abrasive.mobi,available,76,6%,8,"Construction,Manufacturing",,,
adherent.mobi,available,76,4%,8,"Politics,Religion",,,
resultant.mobi,available,76,2%,9,"Healthcare,Insurance,Transportation",,,
fourteenth.mobi,available,76,2%,10,Mathematics,,,
nineteenth.mobi,available,76,3%,10,Mathematics,,,
threed.mobi,available,76,7%,7,Technology,,,
thousandth.mobi,available,76,1%,10,Mathematics,,,
adamant.mobi,available,74,14%,7,Religion,,,
achievable.mobi,available,74,4%,10,"Business,Education,Technology",,,
adapted.mobi,available,74,6%,7,"Healthcare,Manufacturing,Technology",,,
activated.mobi,available,74,9%,9,"Healthcare,Manufacturing,Technology",,,
supra.mobi,available,74,25%,5,"Medicine,Science",,,
broad.mobi,available,74,13%,5,"Entertainment,General,Media",,,
realizable.mobi,available,74,1%,10,"Business,Education,Technology",,,
acuate.mobi,available,74,2%,6,"Engineering,Medicine,Science",,,
admirable.mobi,available,74,5%,9,"Business,Education,Healthcare",,,
skilful.mobi,available,74,3%,7,"Education,Health and Fitness,Sports",,,
adenoid.mobi,available,74,1%,7,"Health and Fitness,Medicine,Science",,,
accepting.mobi,available,74,3%,9,"Education,Healthcare",,,
mavin.mobi,available,74,7%,5,"Entertainment,Fashion,Technology",,,
manageable.mobi,available,74,4%,10,"Business,Education,Technology",,,
adrenergic.mobi,available,74,1%,10,"Education,Healthcare,Science",,,
cleared.mobi,available,74,7%,7,"Healthcare,Law,Transportation",,,
aberrant.mobi,available,74,6%,8,"Medicine,Science",,,
abnormal.mobi,available,74,16%,8,"Medicine,Science",,,
aching.mobi,available,72,4%,6,Healthcare,,,
absolutist.mobi,available,72,1%,10,"Humanities,Law,Politics",,,
absorbed.mobi,available,72,2%,8,"Entertainment,Media,Technology",,,
lovely.mobi,available,72,26%,6,"Entertainment,Fashion,Retail",,,
addicted.mobi,available,72,9%,8,Healthcare,,,
accusative.mobi,available,72,0%,10,"Humanities,Law",,,
abreast.mobi,available,72,2%,7,"Business,Technology",,,
engrossed.mobi,available,72,1%,9,"Entertainment,Media,Technology",,,
adjunctive.mobi,available,72,1%,10,"Healthcare,Manufacturing,Technology",,,
seventieth.mobi,available,72,1%,10,Mathematics,,,
ninetieth.mobi,available,72,1%,9,Mathematics,,,
improvize.mobi,available,72,1%,9,Entertainment,,,
trinity.mobi,available,72,18%,7,Religion,,,
trey.mobi,available,72,13%,4,Sports,,,
ablaze.mobi,available,72,6%,6,Entertainment,,,
abloom.mobi,available,72,5%,6,Agriculture,,,
champion.mobi,resell,72,28%,8,"Entertainment,Health and Fitness,Sports",03/02/2021 14:31,03/02/2026 14:31,"Xiamen ChinaSource Internet Service Co., Ltd"
deep.mobi,available,72,41%,4,"Engineering,Mathematics,Science",,,
accustomed.mobi,available,72,1%,10,"Business,Education,Humanities",,,
existent.mobi,available,72,3%,8,"Mathematics,Science",,,
adaptative.mobi,available,72,1%,10,"Business,Education,Technology",,,
liv.mobi,sold,72,28%,3,Mathematics,22/08/2024 17:00,22/08/2026 17:00,CommuniGal Communication Ltd.
adiabatic.mobi,available,72,3%,9,"Engineering,Science",,,
eightieth.mobi,available,72,1%,9,Mathematics,,,
adjectival.mobi,available,72,1%,10,Education,,,
adonic.mobi,available,72,2%,6,"Arts,Education,Entertainment",,,
ternary.mobi,available,72,7%,7,Mathematics,,,
sixtieth.mobi,available,72,1%,8,Mathematics,,,
miserable.mobi,available,70,4%,9,Humanities,,,
consequent.mobi,available,70,3%,10,"Business,Education,General,Technology",,,
recumbent.mobi,available,70,2%,9,"Healthcare,Medicine,Science",,,
absorbing.mobi,available,70,3%,9,"Entertainment,Media,Technology",,,
offhand.mobi,available,70,2%,7,Entertainment,,,
practiced.mobi,available,70,3%,9,"Education,Health and Fitness,Sports",,,
abulic.mobi,available,70,1%,6,Medicine,,,
skillful.mobi,available,70,9%,8,"Education,Health and Fitness,Sports",,,
stillborn.mobi,available,70,2%,9,"Medicine,Science",,,
accumbent.mobi,available,70,1%,9,"Healthcare,Medicine,Science",,,
abradant.mobi,available,70,1%,8,"Construction,Manufacturing",,,
lowdown.mobi,available,70,6%,8,"Entertainment,Media",,,
gymnastic.mobi,available,70,3%,9,"Entertainment,Sports",,,
adored.mobi,available,70,6%,6,"Entertainment,Fashion,Retail",,,
acuminate.mobi,available,70,1%,9,"Engineering,Medicine,Science",,,
unity.mobi,resell,70,38%,5,Mathematics,08/01/2022 13:15,08/01/2026 13:15,Dynadot Inc
adamantine.mobi,available,70,4%,10,Religion,,,
adjusted.mobi,available,70,5%,8,"Manufacturing,Retail,Technology",,,
achaian.mobi,available,68,2%,7,Humanities,,,
octonary.mobi,available,68,1%,8,Mathematics,,,
achaean.mobi,available,68,2%,7,Humanities,,,
ennead.mobi,available,68,5%,6,Mathematics,,,
licensed.mobi,available,68,5%,8,"Business,Healthcare,Insurance",,,
aculeate.mobi,available,68,1%,8,"Engineering,Medicine,Science",,,
licenced.mobi,available,68,2%,8,"Business,Healthcare,Insurance",,,
abkhas.mobi,available,68,0%,6,Geography,,,
activating.mobi,available,68,3%,10,"Healthcare,Manufacturing,Technology",,,
ablative.mobi,available,68,3%,8,Science,,,
disciple.mobi,available,68,14%,8,"Education,Religion",,,
vindicated.mobi,available,68,2%,10,"Humanities,Law,Politics",,,
ane.mobi,available,68,12%,3,Mathematics,,,
fortieth.mobi,available,68,1%,8,Mathematics,,,
thirtieth.mobi,available,68,1%,9,Mathematics,,,
fiftieth.mobi,available,68,1%,8,Mathematics,,,
abducent.mobi,available,68,0%,8,Medicine,,,
abnaki.mobi,available,68,1%,6,Geography,,,
threesome.mobi,available,68,5%,9,Entertainment,,,
aroused.mobi,available,68,3%,7,"Entertainment,Health and Fitness",,,
sevener.mobi,available,68,1%,7,Mathematics,,,
overseas.mobi,available,68,12%,8,"Hospitality,Travel",,,
aberdonian.mobi,available,68,1%,10,Geography,,,
decorated.mobi,available,68,3%,9,"Entertainment,Fashion,Retail",,,
acerate.mobi,available,68,1%,7,Science,,,
scurvy.mobi,available,68,3%,6,Humanities,,,
stygian.mobi,available,68,5%,7,Humanities,,,
accredited.mobi,available,68,9%,10,"Business,Education,Healthcare",,,
septenary.mobi,available,68,2%,9,Mathematics,,,
deuce.mobi,available,66,8%,5,Sports,,,
onec.mobi,available,66,6%,5,Mathematics,,,
xviii.mobi,available,66,4%,5,Mathematics,,,
xvii.mobi,available,66,5%,4,Mathematics,,,
abstinent.mobi,available,66,1%,9,"Health and Fitness,Religion",,,
according.mobi,available,66,3%,9,"Business,Education,Technology",,,
adorned.mobi,available,66,5%,7,"Entertainment,Fashion,Retail",,,
adopted.mobi,available,66,4%,7,"Education,Healthcare",,,
tenner.mobi,available,66,4%,6,Finance,,,
acappella.mobi,available,66,6%,10,Entertainment,,,
exonerated.mobi,available,66,2%,10,"Humanities,Law,Politics",,,
sextet.mobi,available,66,2%,6,Entertainment,,,
xxv.mobi,sold,66,6%,3,Mathematics,19/08/2024 17:00,19/08/2026 17:00,CommuniGal Communication Ltd.
latest.mobi,available,66,18%,6,Technology,,,
xii.mobi,available,66,10%,3,Mathematics,,,
thirty.mobi,available,66,7%,6,Mathematics,,,
maven.mobi,expired,66,30%,5,"Entertainment,Fashion,Technology",02/06/2024 17:00,02/06/2025 17:00,"Sav.com, LLC - 5"
xiii.mobi,available,66,9%,4,Mathematics,,,
clv.mobi,sold,66,10%,3,Mathematics,17/08/2025 09:24,17/08/2026 09:24,"Spaceship, Inc."
performing.mobi,available,66,6%,10,Entertainment,,,
ninety.mobi,available,66,11%,6,Mathematics,,,
xxvi.mobi,available,66,3%,4,Mathematics,,,
teenager.mobi,available,66,4%,8,"Education,Entertainment,Healthcare",,,
century.mobi,available,66,17%,7,Education,,,
fifty.mobi,available,66,13%,5,Mathematics,,,
accessary.mobi,available,66,1%,9,"Business,Law,Technology",,,
eighty.mobi,available,66,6%,6,Mathematics,,,
acervate.mobi,available,66,1%,8,Science,,,
xxii.mobi,available,66,6%,4,Mathematics,,,
buzzing.mobi,available,66,7%,7,"Entertainment,Media,Technology",,,
acrobatic.mobi,available,66,4%,9,"Entertainment,Sports",,,
aflame.mobi,available,64,3%,6,Entertainment,,,
accordant.mobi,available,64,3%,9,"Arts,Entertainment",,,
rising.mobi,available,64,18%,6,"Construction,Manufacturing,Real Estate",,,
acentric.mobi,available,64,2%,8,Science,,,
scatty.mobi,available,64,1%,6,"Arts,Entertainment,Media",,,
ccc.mobi,expiring,64,38%,3,Mathematics,13/09/2006 03:02,13/09/2025 03:02,Dynadot Inc
nondrinker.mobi,available,64,1%,10,"Health and Fitness,Religion",,,
deviant.mobi,available,64,12%,7,"Medicine,Science",,,
adagio.mobi,available,64,14%,6,Entertainment,,,
absolved.mobi,available,64,1%,8,"Humanities,Law,Religion",,,
astringent.mobi,available,64,1%,10,"Healthcare,Pharmaceuticals",,,
chiliad.mobi,available,62,2%,7,Mathematics,,,
quartet.mobi,available,62,7%,7,"Arts,Entertainment",,,
admissible.mobi,available,62,1%,10,"Education,Healthcare,Law",,,
activistic.mobi,available,62,1%,10,"Humanities,Politics",,,
aufait.mobi,available,62,3%,7,"Fashion,Media",,,
sixteenth.mobi,available,62,1%,9,Mathematics,,,
eighteenth.mobi,available,62,1%,10,Mathematics,,,
adjuvant.mobi,available,62,5%,8,"Healthcare,Manufacturing,Technology",,,
activation.mobi,resell,62,16%,10,"Healthcare,Manufacturing,Technology",11/04/2025 15:15,11/04/2026 15:15,Domain Science Kutatási Szolgáltató Korlátolt Felelősségű Társaság
aborigine.mobi,available,62,1%,9,Humanities,,,
cumulative.mobi,available,62,2%,10,"Banking,Finance,Insurance",,,
ensuant.mobi,available,62,1%,7,"Healthcare,Insurance,Transportation",,,
pungent.mobi,available,62,1%,7,Food and Beverage,,,
nail.mobi,available,62,16%,4,"Construction,Fashion,General,Retail",,,
eleventh.mobi,available,62,5%,8,Mathematics,,,
fortyfour.mobi,available,62,6%,10,Mathematics,,,
twodozen.mobi,available,62,1%,9,Mathematics,,,
playacting.mobi,available,62,1%,10,Entertainment,,,
wrapped.mobi,available,62,13%,7,"Fashion,Hospitality,Retail",,,
accrued.mobi,available,62,2%,7,"Banking,Finance,Insurance",,,
accusing.mobi,available,62,1%,8,Law,,,
acidic.mobi,available,62,5%,6,"Food and Beverage,Science",,,
adoptive.mobi,available,62,1%,8,"Education,Healthcare",,,
exculpated.mobi,available,62,1%,10,"Humanities,Law,Politics",,,
longdozen.mobi,available,62,1%,10,Mathematics,,,
roughly.mobi,available,62,3%,7,"Business,Media,Technology",,,
paunchy.mobi,available,60,0%,7,"Health and Fitness,Medicine",,,
tertiary.mobi,available,60,4%,8,Education,,,
abashed.mobi,available,60,1%,7,Humanities,,,
sixty.mobi,available,60,13%,5,Mathematics,,,
cxxx.mobi,available,60,3%,4,Mathematics,,,
cxl.mobi,available,60,7%,3,Mathematics,,,
cxxxv.mobi,available,60,1%,5,Mathematics,,,
cautionary.mobi,available,60,1%,10,"Business,Education,Healthcare",,,
abstainer.mobi,available,60,0%,9,"Health and Fitness,Religion",,,
thou.mobi,resell,60,7%,4,Mathematics,11/10/2006 22:23,11/10/2025 22:23,Register SPA
clxv.mobi,available,60,1%,4,Mathematics,,,
adnexal.mobi,available,60,1%,7,"Agriculture,Manufacturing,Retail",,,
annexal.mobi,available,60,1%,7,"Agriculture,Manufacturing,Retail",,,
clxxv.mobi,available,60,1%,5,Mathematics,,,
clxxx.mobi,available,60,1%,5,Mathematics,,,
cxxv.mobi,available,60,1%,4,Mathematics,,,
aboveboard.mobi,available,60,5%,10,"Business,Law",,,
clxx.mobi,available,60,2%,4,Mathematics,,,
xcl.mobi,available,60,5%,3,Mathematics,,,
adnate.mobi,available,60,1%,6,"Agriculture,Manufacturing,Retail",,,
cxlv.mobi,available,60,2%,4,Mathematics,,,
eightysix.mobi,available,60,7%,10,Mathematics,,,
abstemious.mobi,available,60,0%,10,"Food and Beverage,Health and Fitness,Hospitality",,,
idolised.mobi,available,60,1%,8,"Entertainment,Fashion,Retail",,,
idolized.mobi,available,60,3%,8,"Entertainment,Fashion,Retail",,,
octet.mobi,available,60,12%,5,Arts,,,
acceptive.mobi,available,60,1%,9,"Education,Healthcare",,,
tercet.mobi,available,59,2%,6,"Arts,Entertainment,Media",,,
addible.mobi,available,58,2%,7,"Engineering,Mathematics,Science",,,
abuzz.mobi,available,58,5%,5,"Entertainment,Media,Technology",,,
heptad.mobi,available,58,2%,6,Mathematics,,,
lxxx.mobi,available,58,2%,4,Mathematics,,,
aucourant.mobi,available,58,3%,10,"Fashion,Media",,,
closeto.mobi,available,58,3%,8,"Business,Media,Technology",,,
tetrad.mobi,available,58,5%,6,Mathematics,,,
centesimal.mobi,available,58,1%,10,Mathematics,,,
twelfth.mobi,available,58,2%,7,Mathematics,,,
sextuplet.mobi,available,58,1%,9,Healthcare,,,
super.mobi,available,58,47%,5,Business,,,
octad.mobi,available,58,5%,5,Mathematics,,,
sixtyone.mobi,available,58,5%,9,Mathematics,,,
addressed.mobi,available,58,3%,9,"Business,Technology,Telecommunications",,,
alacarte.mobi,available,58,11%,10,Food and Beverage,,,
pentad.mobi,available,58,3%,6,Mathematics,,,
justabout.mobi,available,58,3%,10,"Business,Media,Technology",,,
accretive.mobi,available,58,6%,9,"Banking,Finance,Insurance",,,
eighter.mobi,available,58,2%,7,Mathematics,,,
niner.mobi,available,58,5%,5,Mathematics,,,
fourscore.mobi,available,58,4%,9,Mathematics,,,
accoutred.mobi,available,58,1%,9,"Fashion,Manufacturing,Retail",,,
hexad.mobi,available,58,5%,5,Mathematics,,,
fifth.mobi,resell,58,12%,5,Mathematics,11/10/2006 22:23,11/10/2025 22:23,Register SPA
enwrapped.mobi,available,58,0%,9,"Entertainment,Fashion,Media",,,
acyclic.mobi,available,58,4%,7,"Engineering,Mathematics,Science",,,
seventy.mobi,available,58,7%,7,Mathematics,,,
abused.mobi,available,58,5%,6,"Healthcare,Law",,,
actuarial.mobi,available,58,8%,9,"Finance,Insurance,Mathematics",,,
abridged.mobi,available,58,4%,8,Media,,,
acetic.mobi,available,58,1%,6,"Food and Beverage,Science",,,
adjustive.mobi,available,58,1%,9,"Manufacturing,Retail,Technology",,,
offhanded.mobi,available,58,1%,9,Entertainment,,,
quintet.mobi,available,58,8%,7,"Arts,Entertainment",,,
adient.mobi,available,58,4%,6,"Medicine,Science",,,
accented.mobi,available,58,3%,8,"Arts,Entertainment",,,
sixer.mobi,available,58,5%,5,Sports,,,
lxxviii.mobi,available,58,1%,7,Mathematics,,,
admittible.mobi,available,56,1%,10,"Education,Healthcare,Hospitality",,,
xlvii.mobi,available,56,2%,5,Mathematics,,,
fiftyfive.mobi,available,56,8%,10,Mathematics,,,
potbellied.mobi,available,56,0%,10,"Health and Fitness,Medicine",,,
xxiv.mobi,available,56,5%,4,Mathematics,,,
fiftyone.mobi,available,56,8%,9,Mathematics,,,
abdominous.mobi,available,56,0%,10,"Health and Fitness,Medicine",,,
triad.mobi,available,56,15%,5,Arts,,,
xliv.mobi,available,56,3%,4,Mathematics,,,
fortynine.mobi,available,56,3%,10,Mathematics,,,
thirtytwo.mobi,available,56,4%,10,Mathematics,,,
xxix.mobi,available,56,4%,4,Mathematics,,,
xxxvii.mobi,available,56,2%,6,Mathematics,,,
xxviii.mobi,available,56,1%,6,Mathematics,,,
fortyone.mobi,available,56,5%,9,Mathematics,,,
appressed.mobi,available,56,0%,9,"Agriculture,Manufacturing,Retail",,,
lvii.mobi,available,56,2%,4,Mathematics,,,
xliii.mobi,available,56,1%,5,Mathematics,,,
xxxii.mobi,available,56,1%,5,Mathematics,,,
maledict.mobi,available,56,1%,8,Religion,,,
halfdozen.mobi,available,56,1%,10,Mathematics,,,
ilx.mobi,available,56,6%,3,Mathematics,,,
xlvi.mobi,available,56,3%,4,Mathematics,,,
fortysix.mobi,available,56,4%,9,Mathematics,,,
xli.mobi,available,56,5%,3,Mathematics,,,
terzetto.mobi,available,56,3%,8,Arts,,,
xxxviii.mobi,available,56,1%,7,Mathematics,,,
xxxiv.mobi,available,56,1%,5,Mathematics,,,
fiftytwo.mobi,available,56,6%,9,Mathematics,,,
liii.mobi,available,56,4%,4,Mathematics,,,
lviii.mobi,available,56,1%,5,Mathematics,,,
lvi.mobi,available,56,8%,3,Mathematics,,,
thirtyone.mobi,available,56,4%,10,Mathematics,,,
fiftynine.mobi,available,56,4%,10,Mathematics,,,
addled.mobi,available,56,2%,6,Entertainment,,,
xxvii.mobi,available,56,3%,5,Mathematics,,,
xlviii.mobi,available,56,1%,6,Mathematics,,,
xxxvi.mobi,available,56,1%,5,Mathematics,,,
admissive.mobi,available,56,1%,9,"Education,Healthcare,Hospitality",,,
fiftysix.mobi,available,56,4%,9,Mathematics,,,
thirtysix.mobi,available,56,5%,10,Mathematics,,,
xxiii.mobi,available,56,4%,5,Mathematics,,,
xlii.mobi,available,56,5%,4,Mathematics,,,
fiftyfour.mobi,available,56,4%,10,Mathematics,,,
abeyant.mobi,available,56,1%,7,"Business,Law",,,
xxxiii.mobi,available,56,2%,6,Mathematics,,,
xlv.mobi,available,56,6%,3,Mathematics,,,
accoutered.mobi,available,56,0%,10,"Fashion,Manufacturing,Retail",,,
admittable.mobi,available,56,1%,10,"Education,Healthcare,Hospitality",,,
actuated.mobi,available,54,2%,8,"Automotive,Manufacturing,Technology",,,
viii.mobi,available,54,6%,4,Mathematics,,,
ternion.mobi,available,54,3%,7,Mathematics,,,
abasic.mobi,available,54,1%,6,Science,,,
abducens.mobi,available,54,1%,8,Medicine,,,
acoustical.mobi,available,54,4%,10,Science,,,
admonitory.mobi,available,54,0%,10,"Business,Education,Healthcare",,,
achy.mobi,available,54,3%,4,Healthcare,,,
abient.mobi,available,54,1%,6,Science,,,
quintuplet.mobi,available,54,1%,10,"Healthcare,Medicine,Science",,,
abatable.mobi,available,54,1%,8,Law,,,
adjuratory.mobi,available,54,0%,10,"Law,Politics,Religion",,,
accentual.mobi,available,54,3%,9,"Arts,Entertainment",,,
quatern.mobi,available,54,2%,7,Mathematics,,,
adaxial.mobi,available,54,2%,7,Science,,,
adducent.mobi,available,54,1%,8,"Engineering,Mathematics,Science",,,
unnatural.mobi,available,54,4%,9,"Medicine,Science",,,
accursed.mobi,available,54,3%,8,"Entertainment,Media,Religion",,,
quaternity.mobi,available,54,4%,10,Mathematics,,,
abatic.mobi,available,54,1%,6,Science,,,
abaxial.mobi,available,54,1%,7,Science,,,
deserted.mobi,available,54,3%,8,"Hospitality,Real Estate",,,
threescore.mobi,available,54,2%,10,Mathematics,,,
quadruplet.mobi,available,54,1%,10,"Healthcare,Medicine,Science",,,
adpressed.mobi,available,54,0%,9,"Agriculture,Manufacturing,Retail",,,
fortyfive.mobi,available,54,5%,10,Mathematics,,,
adducting.mobi,available,54,1%,9,"Engineering,Mathematics,Science",,,
adductive.mobi,available,54,0%,9,"Engineering,Mathematics,Science",,,
quaternion.mobi,available,54,6%,10,Mathematics,,,
scratchy.mobi,available,54,3%,8,Fashion,,,
twoscore.mobi,available,54,2%,8,Mathematics,,,
monitory.mobi,available,54,3%,8,"Business,Education,Healthcare",,,
achromatic.mobi,available,54,4%,10,Science,,,
deuceace.mobi,available,54,1%,9,Sports,,,
sise.mobi,available,54,5%,4,Mathematics,,,
aboral.mobi,available,54,2%,6,Science,,,
abhorrent.mobi,available,54,1%,9,Humanities,,,
sestet.mobi,available,53,1%,6,Arts,,,
septet.mobi,available,53,1%,6,General,,,
sixtyfour.mobi,available,52,4%,10,Mathematics,,,
repulsive.mobi,available,52,1%,9,Humanities,,,
lxxxvi.mobi,available,52,1%,6,Mathematics,,,
xcviii.mobi,available,52,1%,6,Mathematics,,,
uphill.mobi,available,52,7%,6,"Sports,Transportation,Travel",,,
lxxxv.mobi,available,52,1%,5,Mathematics,,,
ninetyone.mobi,available,52,5%,10,Mathematics,,,
lxxxi.mobi,available,52,1%,5,Mathematics,,,
abysmal.mobi,available,52,4%,7,"Arts,Entertainment,Media",,,
lxiv.mobi,available,52,3%,4,Mathematics,,,
ninetytwo.mobi,available,52,4%,10,Mathematics,,,
xciii.mobi,available,52,1%,5,Mathematics,,,
sixtyfive.mobi,available,52,3%,10,Mathematics,,,
lxxxiv.mobi,available,52,1%,6,Mathematics,,,
chagrined.mobi,available,52,1%,9,Humanities,,,
ninetysix.mobi,available,52,4%,10,Mathematics,,,
lxxxiii.mobi,available,52,1%,7,Mathematics,,,
ixc.mobi,available,52,5%,3,Mathematics,,,
lxvi.mobi,available,52,3%,4,Mathematics,,,
xcvii.mobi,available,52,1%,5,Mathematics,,,
sixtysix.mobi,available,52,5%,9,Mathematics,,,
xciv.mobi,available,52,2%,4,Mathematics,,,
lxxxvii.mobi,available,52,1%,7,Mathematics,,,
odious.mobi,available,52,2%,6,"Entertainment,Humanities",,,
lxxvi.mobi,available,52,1%,5,Mathematics,,,
lxxiii.mobi,available,52,2%,6,Mathematics,,,
xcvi.mobi,available,52,2%,4,Mathematics,,,
xcii.mobi,available,52,2%,4,Mathematics,,,
eightyone.mobi,available,52,3%,10,Mathematics,,,
abstruse.mobi,available,52,5%,8,"Humanities,Mathematics,Science",,,
abusive.mobi,available,52,3%,7,"Healthcare,Law",,,
abominable.mobi,available,52,2%,10,"Entertainment,Humanities",,,
littlejoe.mobi,available,52,2%,10,"Entertainment,Media",,,
lxxxii.mobi,available,52,1%,6,Mathematics,,,
detestable.mobi,available,52,1%,10,Humanities,,,
decumbent.mobi,available,52,1%,9,"Healthcare,Medicine,Science",,,
lxxiv.mobi,available,52,1%,5,Mathematics,,,
ixl.mobi,available,52,9%,3,Mathematics,,,
lxxvii.mobi,available,52,2%,6,Mathematics,,,
lxxii.mobi,available,52,1%,5,Mathematics,,,
lxxi.mobi,available,52,2%,4,Mathematics,,,
lxxv.mobi,available,52,2%,4,Mathematics,,,
repugnant.mobi,available,52,1%,9,Humanities,,,
adenoidal.mobi,available,52,1%,9,"Health and Fitness,Medicine,Science",,,
lxiii.mobi,available,52,2%,5,Mathematics,,,
lxvii.mobi,available,52,1%,5,Mathematics,,,
sixtytwo.mobi,available,52,3%,9,Mathematics,,,
aboulic.mobi,available,52,1%,7,Medicine,,,
lxii.mobi,available,52,2%,4,Mathematics,,,
ablated.mobi,available,52,1%,7,Science,,,
eightytwo.mobi,available,52,4%,10,Mathematics,,,
lxviii.mobi,available,52,2%,6,Mathematics,,,
tierce.mobi,available,52,3%,6,General,,,
lxv.mobi,available,52,5%,3,Mathematics,,,
aborticide.mobi,available,50,0%,10,Medicine,,,
adhominem.mobi,available,50,2%,10,"Humanities,Law,Politics",,,
abdicable.mobi,available,50,0%,9,Law,,,
spinous.mobi,available,50,1%,7,"Agriculture,Science",,,
needlelike.mobi,available,50,0%,10,"Engineering,Medicine,Science",,,
adactylous.mobi,available,50,0%,10,Science,,,
gillless.mobi,available,50,0%,9,Science,,,
acerose.mobi,available,50,1%,7,Science,,,
aculeated.mobi,available,50,0%,9,"Engineering,Medicine,Science",,,
trine.mobi,available,50,11%,5,"General,Religion",,,
vinegary.mobi,available,50,1%,8,Food and Beverage,,,
quint.mobi,available,50,13%,5,"Arts,Entertainment",,,
scummy.mobi,available,50,1%,6,Humanities,,,
acaudal.mobi,available,50,1%,7,"Agriculture,Science",,,
triplet.mobi,available,50,8%,7,Science,,,
acetose.mobi,available,50,1%,7,Science,,,
acquitted.mobi,available,50,1%,9,Law,,,
acerb.mobi,available,50,2%,5,Science,,,
lxx.mobi,available,50,5%,3,Mathematics,,,
acapnotic.mobi,available,50,0%,9,"Healthcare,Medicine,Science",,,
acapnic.mobi,available,50,0%,7,"Healthcare,Medicine,Science",,,
abducting.mobi,available,50,0%,9,Medicine,,,
cinque.mobi,available,50,7%,6,Mathematics,,,
acetous.mobi,available,50,1%,7,Science,,,
acerbic.mobi,available,50,2%,7,"Arts,Humanities,Media",,,
abbatial.mobi,available,50,0%,8,Religion,,,
abomasal.mobi,available,50,0%,8,Agriculture,,,
acellular.mobi,available,50,1%,9,Science,,,
abactinal.mobi,available,50,0%,9,Science,,,
broached.mobi,available,50,0%,8,Food and Beverage,,,
ogdoad.mobi,available,50,1%,6,Mathematics,,,
abranchial.mobi,available,50,0%,10,Science,,,
abstracted.mobi,available,48,5%,10,"Arts,Humanities,Science",,,
ilxx.mobi,available,48,1%,4,Mathematics,,,
ilxxx.mobi,available,48,1%,5,Mathematics,,,
execrable.mobi,available,48,0%,9,"Entertainment,Humanities",,,
lxxxviii.mobi,available,48,1%,8,Mathematics,,,
abyssal.mobi,available,48,12%,7,"Arts,Entertainment,Media",,,
apriori.mobi,available,48,13%,8,Mathematics,,,
achenial.mobi,available,46,1%,8,Science,,,
acheronian.mobi,available,46,1%,10,Humanities,,,
acanthotic.mobi,available,46,0%,10,"Agriculture,Science",,,
acarpous.mobi,available,46,0%,8,"Agriculture,Science",,,
cotyloid.mobi,available,46,1%,8,Science,,,
stemless.mobi,available,46,2%,8,"Agriculture,Science",,,
acetylenic.mobi,available,46,1%,10,Science,,,
stripling.mobi,available,46,2%,9,"Education,Entertainment,Healthcare",,,
acephalous.mobi,available,46,1%,10,Science,,,
acetabular.mobi,available,46,1%,10,Science,,,
acaudate.mobi,available,46,1%,8,"Agriculture,Science",,,
acetylic.mobi,available,46,1%,8,Science,,,
acicular.mobi,available,46,2%,8,Science,,,
vinegarish.mobi,available,46,1%,10,Food and Beverage,,,
achromous.mobi,available,46,1%,9,Science,,,
quaternary.mobi,available,46,3%,10,Mathematics,,,
acapnial.mobi,available,46,0%,8,"Healthcare,Medicine,Science",,,
achromic.mobi,available,46,2%,8,Science,,,
acanthous.mobi,available,46,0%,9,"Agriculture,Science",,,
theabsurd.mobi,available,46,1%,10,"Arts,Entertainment,Media",,,
acarpelous.mobi,available,46,0%,10,"Agriculture,Science",,,
acanthoid.mobi,available,46,1%,9,"Agriculture,Science",,,
acetonic.mobi,available,46,1%,8,Science,,,
acherontic.mobi,available,44,1%,10,Humanities,,,
cotyloidal.mobi,available,44,1%,10,Science,,,
accusatory.mobi,available,44,1%,10,Law,,,
phoebe.mobi,available,41,14%,6,Science,,,
abscessed.mobi,available,41,0%,9,Healthcare,,,
accurst.mobi,available,40,1%,7,Religion,,,
accusive.mobi,available,40,1%,8,Law,,,
scurrilous.mobi,available,40,1%,10,"Entertainment,Media,Politics",,,